{
	"name": "Switch",
	"id": "F9256E85-D769-F21F-5ADB-5097F758DBF0",
	"inputs": [
		{
			"name": "Enter",
			"description": "The input execution that triggers this node",
			"type": "Pulse",
			"displayType": "Exec",
			"nameKey": "graph_switch_input_enter",
			"descriptionKey": "graph_switch_input_enter_description",
			"displayTypeKey": "graph_type_exec"
		},
		{
			"name": "Index",
			"description": "The input rounded value, controlling which execution to be taken. For example, if the input is 1.4, it will be rounded to 1, if it is 1.5, it will be 2.",
			"type": "Int",
			"displayType": "Number",
			"nameKey": "graph_switch_input_index",
			"descriptionKey": "graph_switch_input_index_description",
			"displayTypeKey": "graph_type_number"
		}
	],
	"outputs": [
		{
			"name": "0",
			"type": "Pulse",
			"displayType": "Exec",
			"description": "Execute next node when the input Index is 0",
			"nameKey": "graph_switch_output_0",
			"descriptionKey": "graph_switch_output_0_description",
			"displayTypeKey": "graph_type_exec"
		},
		{
			"name": "1",
			"type": "Pulse",
			"displayType": "Exec",
			"description": "Execute next node when the input Index is 1",
			"nameKey": "graph_switch_output_1",
			"descriptionKey": "graph_switch_output_1_description",
			"displayTypeKey": "graph_type_exec"
		},
		{
			"name": "2",
			"type": "Pulse",
			"displayType": "Exec",
			"description": "Execute next node when the input Index is 2",
			"nameKey": "graph_switch_output_2",
			"descriptionKey": "graph_switch_output_2_description",
			"displayTypeKey": "graph_type_exec"
		}
	],
	"category": "Control",
	"description": "Take different executions according to the input index. You can click \"+\" to add more outputs.",
	"productTypes": [
		"EHO",
		"EHD",
		"EHI"
	],
	"js": "CGSwitch.js",
	"addableOutput": {
		"index": 2,
		"baseName": "",
		"increaseStartIndex": 3
	},
	"version": "1.0.1",
	"onlineWebsite": "graph_switch_website",
	"nameKey": "graph_switch_name",
	"categoryKey": "graph_category_control",
	"descriptionKey": "graph_switch_description"
}