{
	"name": "And",
	"id": "75ac8ecf-f20c-46ae-822b-dd184942fb4e",
	"inputs": [
		{
			"name": "A",
			"type": "Bool",
			"default_value": "0",
			"item_type": "",
			"description": "The first input value",
			"displayType": "Boolean",
			"nameKey": "graph_and_input_a",
			"descriptionKey": "graph_and_input_a_description",
			"displayTypeKey": "graph_type_boolean"
		},
		{
			"name": "B",
			"type": "Bool",
			"default_value": "0",
			"item_type": "",
			"description": "The second input value",
			"displayType": "Boolean",
			"nameKey": "graph_and_input_b",
			"descriptionKey": "graph_and_input_b_description",
			"displayTypeKey": "graph_type_boolean"
		}
	],
	"outputs": [
		{
			"name": "A&B",
			"type": "Bool",
			"item_type": "",
			"description": "If A and B are true, this value is true. If either A or B are false, this value is false.",
			"displayType": "Boolean",
			"nameKey": "graph_and_output_ab",
			"descriptionKey": "graph_and_output_ab_description",
			"displayTypeKey": "graph_type_boolean"
		}
	],
	"js": "CGAnd.js",
	"lua": "CGAnd.lua",
	"version": "1.1.0",
	"amazingVersion": "10.40.0",
	"luaFuncName": "CGAnd",
	"category": "Logic",
	"description": "Check if both inputs are true.",
	"productTypes": [
		"EHO",
		"EHD",
		"EHI"
	],
	"onlineWebsite": "graph_and_website",
	"nameKey": "graph_and_name",
	"categoryKey": "graph_category_logic",
	"descriptionKey": "graph_and_description"
}