{
	"name": "Not",
	"id": "804a898c-9ba2-7a84-cd68-722a2984171d",
	"inputs": [
		{
			"name": "Value",
			"type": "Bool",
			"default_value": "0",
			"item_type": "",
			"description": "The input boolean value",
			"displayType": "Boolean",
			"nameKey": "graph_not_input_value",
			"descriptionKey": "graph_not_input_value_description",
			"displayTypeKey": "graph_type_boolean"
		}
	],
	"outputs": [
		{
			"name": "Result",
			"type": "Bool",
			"item_type": "",
			"description": "The reversed boolean value",
			"displayType": "Boolean",
			"nameKey": "graph_not_output_result",
			"descriptionKey": "graph_not_output_result_description",
			"displayTypeKey": "graph_type_boolean"
		}
	],
	"js": "CGNot.js",
	"lua": "CGNot.lua",
	"version": "1.1.0",
	"amazingVersion": "10.40.0",
	"luaFuncName": "CGNot",
	"category": "Logic",
	"description": "Reverse the input boolean value. If the input boolean is true, then the output is false, and vice versa.",
	"productTypes": [
		"EHO",
		"EHD",
		"EHI"
	],
	"nameKey": "graph_not_name",
	"categoryKey": "graph_category_logic",
	"descriptionKey": "graph_not_description"
}