{
	"name": "Audio Player Controller",
	"id": "1e0b0bde-b397-ccdf-326e-e17c63adf524",
	"inputs": [
		{
			"name": "Play",
			"type": "Pulse",
			"displayType": "Exec",
			"description": "Play the audio source",
			"nameKey": "graph_audio_player_controller_input_play",
			"descriptionKey": "graph_audio_player_controller_input_play_description",
			"displayTypeKey": "graph_type_exec"
		},
		{
			"name": "Stop",
			"type": "Pulse",
			"displayType": "Exec",
			"description": "Stop the audio source",
			"nameKey": "graph_audio_player_controller_input_stop",
			"descriptionKey": "graph_audio_player_controller_input_stop_description",
			"displayTypeKey": "graph_type_exec"
		},
		{
			"name": "Pause",
			"type": "Pulse",
			"displayType": "Exec",
			"description": "Pause the audio source",
			"nameKey": "graph_audio_player_controller_input_pause",
			"descriptionKey": "graph_audio_player_controller_input_pause_description",
			"displayTypeKey": "graph_type_exec"
		},
		{
			"name": "Resume",
			"type": "Pulse",
			"displayType": "Exec",
			"description": "Resume the audio source",
			"nameKey": "graph_audio_player_controller_input_resume",
			"descriptionKey": "graph_audio_player_controller_input_resume_description",
			"displayTypeKey": "graph_type_exec"
		},
		{
			"name": "Audio Player",
			"type": "AudioComponent",
			"description": "The Audio Player (Audio Component) you want to control",
			"displayType": "Audio Component",
			"nameKey": "graph_audio_player_controller_input_audioplayer",
			"descriptionKey": "graph_audio_player_controller_input_audioplayer_description",
			"displayTypeKey": "graph_type_audiocomponent"
		}
	],
	"outputs": [
		{
			"name": "On Play",
			"type": "Pulse",
			"displayType": "Exec",
			"description": "Execute the next node when the audio source playback starts",
			"nameKey": "graph_audio_player_controller_output_onplay",
			"descriptionKey": "graph_audio_player_controller_output_onplay_description",
			"displayTypeKey": "graph_type_exec"
		},
		{
			"name": "On Stop",
			"type": "Pulse",
			"displayType": "Exec",
			"description": "Execute the next node when the audio source playback stops",
			"nameKey": "graph_audio_player_controller_output_onstop",
			"descriptionKey": "graph_audio_player_controller_output_onstop_description",
			"displayTypeKey": "graph_type_exec"
		},
		{
			"name": "On Finish",
			"type": "Pulse",
			"displayType": "Exec",
			"description": "Execute the next node when the audio source finishes playing",
			"nameKey": "graph_audio_player_controller_output_onfinish",
			"descriptionKey": "graph_audio_player_controller_output_onfinish_description",
			"displayTypeKey": "graph_type_exec"
		}
	],
	"scriptSupport": "js",
	"js": "CGAudioComponentController.js",
	"category": "Audio",
	"description": "Control the Audio Player component.",
	"nodeEvent": [
		"onInit",
		"onUpdate",
		"onEvent",
		"resetOnRecord"
	],
	"productTypes": [
		"EHO",
		"EHD",
		"EHI"
	],
	"builtinClass": "AudioGeneralNode",
	"version": "1.1.0",
	"onlineWebsite": "graph_audio_player_controller_website",
	"nameKey": "graph_audio_player_controller_name",
	"categoryKey": "graph_category_audio",
	"descriptionKey": "graph_audio_player_controller_description"
}