{
	"name": "Get Time",
	"id": "47f8c991-21f4-f918-b612-d32166adbbd0",
	"inputs": [],
	"outputs": [
		{
			"name": "Time in Seconds",
			"type": "Double",
			"item_type": "",
			"description": "The number of seconds elapsed since the effect started",
			"displayType": "Number",
			"nameKey": "graph_get_time_output_timeinseconds",
			"descriptionKey": "graph_get_time_output_timeinseconds_description",
			"displayTypeKey": "graph_type_number"
		},
		{
			"name": "Delta Time",
			"description": "The number of seconds elapsed since last frame",
			"type": "Double",
			"displayType": "Number",
			"nameKey": "graph_get_time_output_deltatime",
			"descriptionKey": "graph_get_time_output_deltatime_description",
			"displayTypeKey": "graph_type_number"
		}
	],
	"js": "CGGetTime.js",
	"version": "3.0.0",
	"category": "Time",
	"nodeEvent": [
		"onUpdate",
		"resetOnRecord"
	],
	"description": "Get the total time since the effect started and the time difference since last frame. ",
	"productTypes": [
		"EHO",
		"EHD",
		"EHI"
	],
	"onlineWebsite": "graph_get_time_website",
	"nameKey": "graph_get_time_name",
	"categoryKey": "graph_category_time",
	"descriptionKey": "graph_get_time_description"
}