{
	"name": "Clamp",
	"id": "1b80c1e7-ca78-9dfd-2b6d-0db9ac5edfcf",
	"inputs": [
		{
			"name": "A",
			"type": "Double",
			"item_type": "",
			"default_value": "0",
			"dynamic": true,
			"description": "The input value",
			"displayType": "Number",
			"nameKey": "graph_clamp_input_a",
			"descriptionKey": "graph_clamp_input_a_description",
			"displayTypeKey": "graph_type_number"
		},
		{
			"name": "Min",
			"type": "Double",
			"item_type": "",
			"default_value": "0",
			"dynamic": true,
			"description": "The minimum value",
			"displayType": "Number",
			"nameKey": "graph_clamp_input_min",
			"descriptionKey": "graph_clamp_input_min_description",
			"displayTypeKey": "graph_type_number"
		},
		{
			"name": "Max",
			"type": "Double",
			"item_type": "",
			"default_value": "0",
			"dynamic": true,
			"description": "The maximum value",
			"displayType": "Number",
			"nameKey": "graph_clamp_input_max",
			"descriptionKey": "graph_clamp_input_max_description",
			"displayTypeKey": "graph_type_number"
		}
	],
	"outputs": [
		{
			"name": "Result",
			"type": "Double",
			"item_type": "",
			"dynamic": true,
			"description": "The value clamped between minimum and maximum",
			"displayType": "Number",
			"nameKey": "graph_clamp_output_result",
			"descriptionKey": "graph_clamp_output_result_description",
			"displayTypeKey": "graph_type_number"
		}
	],
	"js": "CGClamp.js",
	"version": "1.0.2",
	"category": "Math",
	"description": "Limit a value within a minimum and maximum range. If min is greater than max, it will clamp [max, min].",
	"productTypes": [
		"EHO",
		"EHD",
		"EHI"
	],
	"nameKey": "graph_clamp_name",
	"categoryKey": "graph_category_math",
	"descriptionKey": "graph_clamp_description"
}