{
	"name": "Array Info",
	"id": "cb04f4ab-17bd-2fca-312f-db79b924fd70",
	"inputs": [
		{
			"name": "{dataType} Array",
			"generic": "T",
			"description": "The input array that you want to get information",
			"dynamic": true,
			"type": "Array",
			"displayType": "{dataType} Array",
			"nameKey": "graph_array_info_input_arrayt",
			"descriptionKey": "graph_array_info_input_arrayt_description",
			"displayTypeKey": "graph_type_generic_array"
		}
	],
	"outputs": [
		{
			"name": "Length",
			"description": "The number of all the items in the array",
			"type": "Double",
			"displayType": "Number",
			"nameKey": "graph_array_info_output_length",
			"descriptionKey": "graph_array_info_output_length_description",
			"displayTypeKey": "graph_type_number"
		}
	],
	"supportedValueTypes": [
		"Double",
		"Bool",
		"String",
		"Rect",
		"Vector2f",
		"Vector3f",
		"Vector4f",
		"Color",
		"Texture2D",
		"Entity",
		"Material",
		"ContactInfo",
		"RayHitInfo"
	],
	"category": "Utility",
	"version": "2.0.0",
	"description": "Get the count of all items in an array. Supported types: Number, Vec2, Vec3, Vec4, Color, String, and Texture 2D.",
	"onlineWebsite": "graph_array_info_website",
	"productTypes": [
		"EHO",
		"EHD",
		"EHI"
	],
	"js": "CGArrayInfo.js",
	"nameKey": "graph_array_info_name",
	"categoryKey": "graph_category_utility",
	"descriptionKey": "graph_array_info_description"
}