{
  "projectId": "78fd80f5-c9aa-e720-a6c7-28f44a85499e",
  "isFromTemplate": false,
  "templateId": "",
  "opMap": {
    "AddNode": {
      "count": 129,
      "seed": "3bnz75so"
    },
    "PropertyChange": {
      "count": 154,
      "seed": "edvqjq88"
    },
    "ParamChange": {
      "count": 25,
      "seed": "mo2gis1a"
    },
    "PortChange": {
      "count": 158,
      "seed": "l2rjqn5k"
    },
    "AddEdge": {
      "count": 122,
      "seed": "fpine1po"
    },
    "SceneDefault": {
      "count": 2,
      "seed": "j20zssxf"
    },
    "GraphDefault": {
      "count": 1,
      "seed": "2jcva4er"
    },
    "RemoveEdge": {
      "count": 102,
      "seed": "75afubjr"
    },
    "RemoveNode": {
      "count": 105,
      "seed": "6i98keyo"
    }
  }
}
