{
  "version": "3.6.2",
  "handlers": {
    "ComponentsCompatibilityHandler": {
      "Transform": "85bfce2f4ffa628888c59a61f15d5b51",
      "Camera": "8e55c3cc4ccbe0b02971fcd64010eb00",
      "DirectionalLight": "ef18955537902d318b25333b9e7b53f1",
      "IFTransform2d": "ec4f658839aa4b18c192cb5c5f8735f1",
      "IFLayer2d": "d751713988987e9331980363e24189ce",
      "IFCanvas2d": "532a726e804fc1b6b223300c0fdd0b41",
      "IFSprite2d": "1252c472bf01b802d53fd3341ee4521c",
      "IFFaceAnchorAlignment": "df8b3cfc92b679f9e119c422d47f77b5",
      "AudioComponent": "5bf3220f41bd2ec817dadfd24e8fabde",
      "EffectNode": "d751713988987e9331980363e24189ce",
      "EnvironmentLighting": "3174ed5b249dee36048cc3acff47d1e7",
      "ScreenTransform": "8cc92252abf32837f581e72617dc5388",
      "Image": "e1045c6167efec3158b76a730d390114"
    }
  }
}